{
  "0": "/media/debadri/sda5/ImgSimiSearch/dataset/DSC_0103.JPG",
  "1": "/media/debadri/sda5/ImgSimiSearch/dataset/DSC_0104.JPG",
  "2": "/media/debadri/sda5/ImgSimiSearch/dataset/DSC_0105.JPG",
  "3": "/media/debadri/sda5/ImgSimiSearch/dataset/DSC_0106.JPG",
  "4": "/media/debadri/sda5/ImgSimiSearch/dataset/DSC_0107.JPG",
  "5": "/media/debadri/sda5/ImgSimiSearch/dataset/DSC_0108.JPG",
  "6": "/media/debadri/sda5/ImgSimiSearch/dataset/DSC_0109.JPG",
  "7": "/media/debadri/sda5/ImgSimiSearch/dataset/DSC_0110.JPG",
  "8": "/media/debadri/sda5/ImgSimiSearch/dataset/DSC_0111.JPG",
  "9": "/media/debadri/sda5/ImgSimiSearch/dataset/DSC_0112.JPG",
  "10": "/media/debadri/sda5/ImgSimiSearch/dataset/DSC_0113.JPG",
  "11": "/media/debadri/sda5/ImgSimiSearch/dataset/DSC_0114.JPG",
  "12": "/media/debadri/sda5/ImgSimiSearch/dataset/DSC_0115.JPG",
  "13": "/media/debadri/sda5/ImgSimiSearch/dataset/DSC_0116.JPG",
  "14": "/media/debadri/sda5/ImgSimiSearch/dataset/DSC_0117.JPG",
  "15": "/media/debadri/sda5/ImgSimiSearch/dataset/DSC_0119.JPG",
  "16": "/media/debadri/sda5/ImgSimiSearch/dataset/DSC_0120.JPG",
  "17": "/media/debadri/sda5/ImgSimiSearch/dataset/DSC_0121.JPG",
  "18": "/media/debadri/sda5/ImgSimiSearch/dataset/DSC_0122.JPG",
  "19": "/media/debadri/sda5/ImgSimiSearch/dataset/DSC_0123.JPG",
  "20": "/media/debadri/sda5/ImgSimiSearch/dataset/DSC_0124.JPG",
  "21": "/media/debadri/sda5/ImgSimiSearch/dataset/DSC_0125.JPG",
  "22": "/media/debadri/sda5/ImgSimiSearch/dataset/DSC_0126.JPG",
  "23": "/media/debadri/sda5/ImgSimiSearch/dataset/DSC_0127.JPG",
  "24": "/media/debadri/sda5/ImgSimiSearch/dataset/DSC_0128.JPG",
  "25": "/media/debadri/sda5/ImgSimiSearch/dataset/DSC_0129.JPG",
  "26": "/media/debadri/sda5/ImgSimiSearch/dataset/DSC_0130.JPG",
  "27": "/media/debadri/sda5/ImgSimiSearch/dataset/DSC_0131.JPG",
  "28": "/media/debadri/sda5/ImgSimiSearch/dataset/DSC_0132.JPG",
  "29": "/media/debadri/sda5/ImgSimiSearch/dataset/DSC_0133.JPG",
  "30": "/media/debadri/sda5/ImgSimiSearch/dataset/DSC_0134.JPG",
  "31": "/media/debadri/sda5/ImgSimiSearch/dataset/DSC_0135.JPG",
  "32": "/media/debadri/sda5/ImgSimiSearch/dataset/DSC_0136.JPG",
  "33": "/media/debadri/sda5/ImgSimiSearch/dataset/DSC_0137.JPG",
  "34": "/media/debadri/sda5/ImgSimiSearch/dataset/DSC_0138.JPG",
  "35": "/media/debadri/sda5/ImgSimiSearch/dataset/DSC_0139.JPG",
  "36": "/media/debadri/sda5/ImgSimiSearch/dataset/DSC_0140.JPG",
  "37": "/media/debadri/sda5/ImgSimiSearch/dataset/DSC_0141.JPG",
  "38": "/media/debadri/sda5/ImgSimiSearch/dataset/DSC_0142.JPG",
  "39": "/media/debadri/sda5/ImgSimiSearch/dataset/DSC_0143.JPG",
  "40": "/media/debadri/sda5/ImgSimiSearch/dataset/DSC_0144.JPG",
  "41": "/media/debadri/sda5/ImgSimiSearch/dataset/DSC_0145.JPG",
  "42": "/media/debadri/sda5/ImgSimiSearch/dataset/DSC_0146.JPG",
  "43": "/media/debadri/sda5/ImgSimiSearch/dataset/DSC_0147.JPG",
  "44": "/media/debadri/sda5/ImgSimiSearch/dataset/DSC_0148.JPG",
  "45": "/media/debadri/sda5/ImgSimiSearch/dataset/DSC_0149.JPG",
  "46": "/media/debadri/sda5/ImgSimiSearch/dataset/DSC_0150.JPG",
  "47": "/media/debadri/sda5/ImgSimiSearch/dataset/DSC_0151.JPG",
  "48": "/media/debadri/sda5/ImgSimiSearch/dataset/DSC_0152.JPG",
  "49": "/media/debadri/sda5/ImgSimiSearch/dataset/DSC_0153.JPG",
  "50": "/media/debadri/sda5/ImgSimiSearch/dataset/DSC_0154.JPG",
  "51": "/media/debadri/sda5/ImgSimiSearch/dataset/DSC_0155.JPG",
  "52": "/media/debadri/sda5/ImgSimiSearch/dataset/DSC_0156.JPG",
  "53": "/media/debadri/sda5/ImgSimiSearch/dataset/DSC_0157.JPG",
  "54": "/media/debadri/sda5/ImgSimiSearch/dataset/DSC_0158.JPG",
  "55": "/media/debadri/sda5/ImgSimiSearch/dataset/DSC_0159.JPG",
  "56": "/media/debadri/sda5/ImgSimiSearch/dataset/DSC_0160.JPG",
  "57": "/media/debadri/sda5/ImgSimiSearch/dataset/DSC_0161.JPG",
  "58": "/media/debadri/sda5/ImgSimiSearch/dataset/DSC_0162.JPG",
  "59": "/media/debadri/sda5/ImgSimiSearch/dataset/DSC_0163.JPG",
  "60": "/media/debadri/sda5/ImgSimiSearch/dataset/DSC_0164.JPG",
  "61": "/media/debadri/sda5/ImgSimiSearch/dataset/DSC_0165.JPG",
  "62": "/media/debadri/sda5/ImgSimiSearch/dataset/DSC_0166.JPG",
  "63": "/media/debadri/sda5/ImgSimiSearch/dataset/DSC_0167.JPG",
  "64": "/media/debadri/sda5/ImgSimiSearch/dataset/DSC_0168.JPG",
  "65": "/media/debadri/sda5/ImgSimiSearch/dataset/DSC_0169.JPG",
  "66": "/media/debadri/sda5/ImgSimiSearch/dataset/DSC_0170.JPG",
  "67": "/media/debadri/sda5/ImgSimiSearch/dataset/DSC_0171.JPG",
  "68": "/media/debadri/sda5/ImgSimiSearch/dataset/DSC_0172.JPG",
  "69": "/media/debadri/sda5/ImgSimiSearch/dataset/DSC_0173.JPG",
  "70": "/media/debadri/sda5/ImgSimiSearch/dataset/DSC_0174.JPG",
  "71": "/media/debadri/sda5/ImgSimiSearch/dataset/DSC_0175.JPG",
  "72": "/media/debadri/sda5/ImgSimiSearch/dataset/DSC_0176.JPG",
  "73": "/media/debadri/sda5/ImgSimiSearch/dataset/DSC_0177.JPG",
  "74": "/media/debadri/sda5/ImgSimiSearch/dataset/DSC_0178.JPG",
  "75": "/media/debadri/sda5/ImgSimiSearch/dataset/DSC_0179.JPG",
  "76": "/media/debadri/sda5/ImgSimiSearch/dataset/DSC_0180.JPG",
  "77": "/media/debadri/sda5/ImgSimiSearch/dataset/DSC_0181.JPG",
  "78": "/media/debadri/sda5/ImgSimiSearch/dataset/DSC_0182.JPG",
  "79": "/media/debadri/sda5/ImgSimiSearch/dataset/DSC_0183.JPG",
  "80": "/media/debadri/sda5/ImgSimiSearch/dataset/DSC_0184.JPG",
  "81": "/media/debadri/sda5/ImgSimiSearch/dataset/DSC_0185.JPG",
  "82": "/media/debadri/sda5/ImgSimiSearch/dataset/DSC_0186.JPG",
  "83": "/media/debadri/sda5/ImgSimiSearch/dataset/DSC_0187.JPG",
  "84": "/media/debadri/sda5/ImgSimiSearch/dataset/DSC_0188.JPG",
  "85": "/media/debadri/sda5/ImgSimiSearch/dataset/DSC_0189.JPG",
  "86": "/media/debadri/sda5/ImgSimiSearch/dataset/DSC_0190.JPG",
  "87": "/media/debadri/sda5/ImgSimiSearch/dataset/DSC_0191.JPG",
  "88": "/media/debadri/sda5/ImgSimiSearch/dataset/DSC_0192.JPG",
  "89": "/media/debadri/sda5/ImgSimiSearch/dataset/DSC_0193.JPG",
  "90": "/media/debadri/sda5/ImgSimiSearch/dataset/DSC_0194.JPG",
  "91": "/media/debadri/sda5/ImgSimiSearch/dataset/DSC_0195.JPG",
  "92": "/media/debadri/sda5/ImgSimiSearch/dataset/DSC_0196.JPG",
  "93": "/media/debadri/sda5/ImgSimiSearch/dataset/DSC_0197.JPG",
  "94": "/media/debadri/sda5/ImgSimiSearch/dataset/DSC_0198.JPG",
  "95": "/media/debadri/sda5/ImgSimiSearch/dataset/DSC_0199.JPG",
  "96": "/media/debadri/sda5/ImgSimiSearch/dataset/DSC_0200.JPG",
  "97": "/media/debadri/sda5/ImgSimiSearch/dataset/DSC_0201.JPG",
  "98": "/media/debadri/sda5/ImgSimiSearch/dataset/DSC_0202.JPG",
  "99": "/media/debadri/sda5/ImgSimiSearch/dataset/DSC_0203.JPG",
  "100": "/media/debadri/sda5/ImgSimiSearch/dataset/DSC_0204.JPG",
  "101": "/media/debadri/sda5/ImgSimiSearch/dataset/DSC_0205.JPG",
  "102": "/media/debadri/sda5/ImgSimiSearch/dataset/DSC_0206.JPG",
  "103": "/media/debadri/sda5/ImgSimiSearch/dataset/DSC_0207.JPG",
  "104": "/media/debadri/sda5/ImgSimiSearch/dataset/DSC_0208.JPG",
  "105": "/media/debadri/sda5/ImgSimiSearch/dataset/DSC_0209.JPG",
  "106": "/media/debadri/sda5/ImgSimiSearch/dataset/DSC_0210.JPG",
  "107": "/media/debadri/sda5/ImgSimiSearch/dataset/DSC_0211.JPG",
  "108": "/media/debadri/sda5/ImgSimiSearch/dataset/DSC_0212.JPG",
  "109": "/media/debadri/sda5/ImgSimiSearch/dataset/DSC_0213.JPG",
  "110": "/media/debadri/sda5/ImgSimiSearch/dataset/DSC_0214.JPG",
  "111": "/media/debadri/sda5/ImgSimiSearch/dataset/DSC_0215.JPG",
  "112": "/media/debadri/sda5/ImgSimiSearch/dataset/DSC_0216.JPG",
  "113": "/media/debadri/sda5/ImgSimiSearch/dataset/DSC_0217.JPG",
  "114": "/media/debadri/sda5/ImgSimiSearch/dataset/DSC_0218.JPG",
  "115": "/media/debadri/sda5/ImgSimiSearch/dataset/DSC_0219.JPG",
  "116": "/media/debadri/sda5/ImgSimiSearch/dataset/DSC_0220.JPG",
  "117": "/media/debadri/sda5/ImgSimiSearch/dataset/DSC_0221.JPG",
  "118": "/media/debadri/sda5/ImgSimiSearch/dataset/DSC_0222.JPG",
  "119": "/media/debadri/sda5/ImgSimiSearch/dataset/DSC_0223.JPG",
  "120": "/media/debadri/sda5/ImgSimiSearch/dataset/DSC_0224.JPG",
  "121": "/media/debadri/sda5/ImgSimiSearch/dataset/DSC_0225.JPG",
  "122": "/media/debadri/sda5/ImgSimiSearch/dataset/DSC_0226.JPG",
  "123": "/media/debadri/sda5/ImgSimiSearch/dataset/DSC_0227.JPG",
  "124": "/media/debadri/sda5/ImgSimiSearch/dataset/DSC_0228.JPG",
  "125": "/media/debadri/sda5/ImgSimiSearch/dataset/DSC_0229.JPG",
  "126": "/media/debadri/sda5/ImgSimiSearch/dataset/DSC_0230.JPG",
  "127": "/media/debadri/sda5/ImgSimiSearch/dataset/DSC_0231.JPG",
  "128": "/media/debadri/sda5/ImgSimiSearch/dataset/DSC_0232.JPG",
  "129": "/media/debadri/sda5/ImgSimiSearch/dataset/DSC_0233.JPG",
  "130": "/media/debadri/sda5/ImgSimiSearch/dataset/DSC_0234.JPG",
  "131": "/media/debadri/sda5/ImgSimiSearch/dataset/DSC_0235.JPG",
  "132": "/media/debadri/sda5/ImgSimiSearch/dataset/DSC_0236.JPG",
  "133": "/media/debadri/sda5/ImgSimiSearch/dataset/DSC_0237.JPG",
  "134": "/media/debadri/sda5/ImgSimiSearch/dataset/DSC_0238.JPG",
  "135": "/media/debadri/sda5/ImgSimiSearch/dataset/DSC_0239.JPG",
  "136": "/media/debadri/sda5/ImgSimiSearch/dataset/DSC_0240.JPG",
  "137": "/media/debadri/sda5/ImgSimiSearch/dataset/DSC_0241.JPG",
  "138": "/media/debadri/sda5/ImgSimiSearch/dataset/DSC_0242.JPG",
  "139": "/media/debadri/sda5/ImgSimiSearch/dataset/DSC_0243.JPG",
  "140": "/media/debadri/sda5/ImgSimiSearch/dataset/DSC_0244.JPG",
  "141": "/media/debadri/sda5/ImgSimiSearch/dataset/DSC_0245.JPG",
  "142": "/media/debadri/sda5/ImgSimiSearch/dataset/DSC_0246.JPG",
  "143": "/media/debadri/sda5/ImgSimiSearch/dataset/DSC_0247.JPG",
  "144": "/media/debadri/sda5/ImgSimiSearch/dataset/DSC_0248.JPG",
  "145": "/media/debadri/sda5/ImgSimiSearch/dataset/DSC_0249.JPG",
  "146": "/media/debadri/sda5/ImgSimiSearch/dataset/DSC_0250.JPG",
  "147": "/media/debadri/sda5/ImgSimiSearch/dataset/DSC_0251.JPG",
  "148": "/media/debadri/sda5/ImgSimiSearch/dataset/DSC_0252.JPG",
  "149": "/media/debadri/sda5/ImgSimiSearch/dataset/DSC_0253.JPG",
  "150": "/media/debadri/sda5/ImgSimiSearch/dataset/DSC_0254.JPG",
  "151": "/media/debadri/sda5/ImgSimiSearch/dataset/DSC_0255.JPG",
  "152": "/media/debadri/sda5/ImgSimiSearch/dataset/DSC_0256.JPG",
  "153": "/media/debadri/sda5/ImgSimiSearch/dataset/DSC_0257.JPG",
  "154": "/media/debadri/sda5/ImgSimiSearch/dataset/DSC_0258.JPG",
  "155": "/media/debadri/sda5/ImgSimiSearch/dataset/DSC_0259.JPG",
  "156": "/media/debadri/sda5/ImgSimiSearch/dataset/DSC_0260.JPG",
  "157": "/media/debadri/sda5/ImgSimiSearch/dataset/DSC_0261.JPG",
  "158": "/media/debadri/sda5/ImgSimiSearch/dataset/DSC_0262.JPG",
  "159": "/media/debadri/sda5/ImgSimiSearch/dataset/DSC_0263.JPG",
  "160": "/media/debadri/sda5/ImgSimiSearch/dataset/DSC_0264.JPG",
  "161": "/media/debadri/sda5/ImgSimiSearch/dataset/DSC_0265.JPG",
  "162": "/media/debadri/sda5/ImgSimiSearch/dataset/DSC_0266.JPG",
  "163": "/media/debadri/sda5/ImgSimiSearch/dataset/DSC_0267.JPG",
  "164": "/media/debadri/sda5/ImgSimiSearch/dataset/DSC_0268.JPG",
  "165": "/media/debadri/sda5/ImgSimiSearch/dataset/DSC_0269.JPG",
  "166": "/media/debadri/sda5/ImgSimiSearch/dataset/DSC_0270.JPG",
  "167": "/media/debadri/sda5/ImgSimiSearch/dataset/DSC_0271.JPG",
  "168": "/media/debadri/sda5/ImgSimiSearch/dataset/DSC_0272.JPG",
  "169": "/media/debadri/sda5/ImgSimiSearch/dataset/DSC_0273.JPG",
  "170": "/media/debadri/sda5/ImgSimiSearch/dataset/DSC_0274.JPG",
  "171": "/media/debadri/sda5/ImgSimiSearch/dataset/DSC_0275.JPG",
  "172": "/media/debadri/sda5/ImgSimiSearch/dataset/DSC_0276.JPG",
  "173": "/media/debadri/sda5/ImgSimiSearch/dataset/DSC_0277.JPG",
  "174": "/media/debadri/sda5/ImgSimiSearch/dataset/DSC_0278.JPG",
  "175": "/media/debadri/sda5/ImgSimiSearch/dataset/DSC_0279.JPG",
  "176": "/media/debadri/sda5/ImgSimiSearch/dataset/DSC_0280.JPG",
  "177": "/media/debadri/sda5/ImgSimiSearch/dataset/DSC_0281.JPG",
  "178": "/media/debadri/sda5/ImgSimiSearch/dataset/DSC_0282.JPG",
  "179": "/media/debadri/sda5/ImgSimiSearch/dataset/DSC_0283.JPG",
  "180": "/media/debadri/sda5/ImgSimiSearch/dataset/DSC_0284.JPG",
  "181": "/media/debadri/sda5/ImgSimiSearch/dataset/DSC_0285.JPG",
  "182": "/media/debadri/sda5/ImgSimiSearch/dataset/DSC_0286.JPG",
  "183": "/media/debadri/sda5/ImgSimiSearch/dataset/DSC_0287.JPG",
  "184": "/media/debadri/sda5/ImgSimiSearch/dataset/DSC_0288.JPG",
  "185": "/media/debadri/sda5/ImgSimiSearch/dataset/DSC_0289.JPG",
  "186": "/media/debadri/sda5/ImgSimiSearch/dataset/DSC_0290.JPG",
  "187": "/media/debadri/sda5/ImgSimiSearch/dataset/DSC_0291.JPG",
  "188": "/media/debadri/sda5/ImgSimiSearch/dataset/DSC_0292.JPG",
  "189": "/media/debadri/sda5/ImgSimiSearch/dataset/DSC_0293.JPG",
  "190": "/media/debadri/sda5/ImgSimiSearch/dataset/DSC_0294.JPG",
  "191": "/media/debadri/sda5/ImgSimiSearch/dataset/DSC_0295.JPG",
  "192": "/media/debadri/sda5/ImgSimiSearch/dataset/DSC_0296.JPG",
  "193": "/media/debadri/sda5/ImgSimiSearch/dataset/DSC_0297.JPG",
  "194": "/media/debadri/sda5/ImgSimiSearch/dataset/DSC_0298.JPG",
  "195": "/media/debadri/sda5/ImgSimiSearch/dataset/DSC_0299.JPG",
  "196": "/media/debadri/sda5/ImgSimiSearch/dataset/DSC_0300.JPG",
  "197": "/media/debadri/sda5/ImgSimiSearch/dataset/DSC_0301.JPG",
  "198": "/media/debadri/sda5/ImgSimiSearch/dataset/DSC_0302.JPG",
  "199": "/media/debadri/sda5/ImgSimiSearch/dataset/DSC_0303.JPG",
  "200": "/media/debadri/sda5/ImgSimiSearch/dataset/DSC_0304.JPG",
  "201": "/media/debadri/sda5/ImgSimiSearch/dataset/DSC_0305.JPG",
  "202": "/media/debadri/sda5/ImgSimiSearch/dataset/DSC_0306.JPG",
  "203": "/media/debadri/sda5/ImgSimiSearch/dataset/DSC_0307.JPG",
  "204": "/media/debadri/sda5/ImgSimiSearch/dataset/DSC_0308.JPG",
  "205": "/media/debadri/sda5/ImgSimiSearch/dataset/DSC_0309.JPG",
  "206": "/media/debadri/sda5/ImgSimiSearch/dataset/DSC_0310.JPG",
  "207": "/media/debadri/sda5/ImgSimiSearch/dataset/DSC_0311.JPG",
  "208": "/media/debadri/sda5/ImgSimiSearch/dataset/DSC_0312.JPG",
  "209": "/media/debadri/sda5/ImgSimiSearch/dataset/DSC_0313.JPG",
  "210": "/media/debadri/sda5/ImgSimiSearch/dataset/DSC_0314.JPG",
  "211": "/media/debadri/sda5/ImgSimiSearch/dataset/DSC_0315.JPG",
  "212": "/media/debadri/sda5/ImgSimiSearch/dataset/DSC_0316.JPG",
  "213": "/media/debadri/sda5/ImgSimiSearch/dataset/DSC_0317.JPG",
  "214": "/media/debadri/sda5/ImgSimiSearch/dataset/DSC_0318.JPG",
  "215": "/media/debadri/sda5/ImgSimiSearch/dataset/DSC_0319.JPG",
  "216": "/media/debadri/sda5/ImgSimiSearch/dataset/DSC_0320.JPG",
  "217": "/media/debadri/sda5/ImgSimiSearch/dataset/DSC_0321.JPG",
  "218": "/media/debadri/sda5/ImgSimiSearch/dataset/DSC_0322.JPG",
  "219": "/media/debadri/sda5/ImgSimiSearch/dataset/DSC_0323.JPG",
  "220": "/media/debadri/sda5/ImgSimiSearch/dataset/DSC_0324.JPG",
  "221": "/media/debadri/sda5/ImgSimiSearch/dataset/DSC_0325.JPG",
  "222": "/media/debadri/sda5/ImgSimiSearch/dataset/DSC_0326.JPG",
  "223": "/media/debadri/sda5/ImgSimiSearch/dataset/DSC_0327.JPG",
  "224": "/media/debadri/sda5/ImgSimiSearch/dataset/DSC_0328.JPG",
  "225": "/media/debadri/sda5/ImgSimiSearch/dataset/DSC_0329.JPG",
  "226": "/media/debadri/sda5/ImgSimiSearch/dataset/DSC_0330.JPG",
  "227": "/media/debadri/sda5/ImgSimiSearch/dataset/DSC_0331.JPG",
  "228": "/media/debadri/sda5/ImgSimiSearch/dataset/DSC_0332.JPG",
  "229": "/media/debadri/sda5/ImgSimiSearch/dataset/DSC_0333.JPG",
  "230": "/media/debadri/sda5/ImgSimiSearch/dataset/DSC_0334.JPG",
  "231": "/media/debadri/sda5/ImgSimiSearch/dataset/DSC_0335.JPG",
  "232": "/media/debadri/sda5/ImgSimiSearch/dataset/DSC_0336.JPG",
  "233": "/media/debadri/sda5/ImgSimiSearch/dataset/DSC_0337.JPG",
  "234": "/media/debadri/sda5/ImgSimiSearch/dataset/DSC_0338.JPG",
  "235": "/media/debadri/sda5/ImgSimiSearch/dataset/DSC_0339.JPG",
  "236": "/media/debadri/sda5/ImgSimiSearch/dataset/DSC_0340.JPG",
  "237": "/media/debadri/sda5/ImgSimiSearch/dataset/DSC_0341.JPG",
  "238": "/media/debadri/sda5/ImgSimiSearch/dataset/DSC_0342.JPG",
  "239": "/media/debadri/sda5/ImgSimiSearch/dataset/DSC_0343.JPG",
  "240": "/media/debadri/sda5/ImgSimiSearch/dataset/DSC_0344.JPG",
  "241": "/media/debadri/sda5/ImgSimiSearch/dataset/DSC_0345.JPG",
  "242": "/media/debadri/sda5/ImgSimiSearch/dataset/DSC_0346.JPG",
  "243": "/media/debadri/sda5/ImgSimiSearch/dataset/DSC_0347.JPG",
  "244": "/media/debadri/sda5/ImgSimiSearch/dataset/DSC_0348.JPG",
  "245": "/media/debadri/sda5/ImgSimiSearch/dataset/DSC_0349.JPG",
  "246": "/media/debadri/sda5/ImgSimiSearch/dataset/DSC_0350.JPG",
  "247": "/media/debadri/sda5/ImgSimiSearch/dataset/DSC_0351.JPG",
  "248": "/media/debadri/sda5/ImgSimiSearch/dataset/DSC_0352.JPG",
  "249": "/media/debadri/sda5/ImgSimiSearch/dataset/DSC_0353.JPG",
  "250": "/media/debadri/sda5/ImgSimiSearch/dataset/DSC_0354.JPG",
  "251": "/media/debadri/sda5/ImgSimiSearch/dataset/DSC_0355.JPG",
  "252": "/media/debadri/sda5/ImgSimiSearch/dataset/DSC_0356.JPG",
  "253": "/media/debadri/sda5/ImgSimiSearch/dataset/DSC_0360.JPG",
  "254": "/media/debadri/sda5/ImgSimiSearch/dataset/DSC_0362.JPG",
  "255": "/media/debadri/sda5/ImgSimiSearch/dataset/DSC_0363.JPG",
  "256": "/media/debadri/sda5/ImgSimiSearch/dataset/DSC_0364.JPG",
  "257": "/media/debadri/sda5/ImgSimiSearch/dataset/DSC_0365.JPG",
  "258": "/media/debadri/sda5/ImgSimiSearch/dataset/DSC_0366.JPG",
  "259": "/media/debadri/sda5/ImgSimiSearch/dataset/DSC_0368.JPG",
  "260": "/media/debadri/sda5/ImgSimiSearch/dataset/DSC_0369.JPG",
  "261": "/media/debadri/sda5/ImgSimiSearch/dataset/DSC_0370.JPG",
  "262": "/media/debadri/sda5/ImgSimiSearch/dataset/DSC_0372.JPG",
  "263": "/media/debadri/sda5/ImgSimiSearch/dataset/DSC_0373.JPG",
  "264": "/media/debadri/sda5/ImgSimiSearch/dataset/DSC_0374.JPG",
  "265": "/media/debadri/sda5/ImgSimiSearch/dataset/DSC_0375.JPG",
  "266": "/media/debadri/sda5/ImgSimiSearch/dataset/DSC_0376.JPG",
  "267": "/media/debadri/sda5/ImgSimiSearch/dataset/DSC_0377.JPG",
  "268": "/media/debadri/sda5/ImgSimiSearch/dataset/DSC_0378.JPG",
  "269": "/media/debadri/sda5/ImgSimiSearch/dataset/DSC_0379.JPG",
  "270": "/media/debadri/sda5/ImgSimiSearch/dataset/DSC_0380.JPG",
  "271": "/media/debadri/sda5/ImgSimiSearch/dataset/DSC_0381.JPG",
  "272": "/media/debadri/sda5/ImgSimiSearch/dataset/DSC_0382.JPG",
  "273": "/media/debadri/sda5/ImgSimiSearch/dataset/DSC_0383.JPG",
  "274": "/media/debadri/sda5/ImgSimiSearch/dataset/DSC_0384.JPG",
  "275": "/media/debadri/sda5/ImgSimiSearch/dataset/DSC_0385.JPG",
  "276": "/media/debadri/sda5/ImgSimiSearch/dataset/DSC_0386.JPG",
  "277": "/media/debadri/sda5/ImgSimiSearch/dataset/DSC_0387.JPG",
  "278": "/media/debadri/sda5/ImgSimiSearch/dataset/DSC_0388.JPG",
  "279": "/media/debadri/sda5/ImgSimiSearch/dataset/DSC_5880.JPG",
  "280": "/media/debadri/sda5/ImgSimiSearch/dataset/DSC_5881.JPG",
  "281": "/media/debadri/sda5/ImgSimiSearch/dataset/DSC_5882.JPG",
  "282": "/media/debadri/sda5/ImgSimiSearch/dataset/DSC_5883.JPG",
  "283": "/media/debadri/sda5/ImgSimiSearch/dataset/DSC_5884.JPG",
  "284": "/media/debadri/sda5/ImgSimiSearch/dataset/DSC_5885.JPG",
  "285": "/media/debadri/sda5/ImgSimiSearch/dataset/DSC_5886.JPG",
  "286": "/media/debadri/sda5/ImgSimiSearch/dataset/_DSC5872.JPG",
  "287": "/media/debadri/sda5/ImgSimiSearch/dataset/_DSC5873.JPG",
  "288": "/media/debadri/sda5/ImgSimiSearch/dataset/_DSC5874.JPG",
  "289": "/media/debadri/sda5/ImgSimiSearch/dataset/_DSC5875.JPG",
  "290": "/media/debadri/sda5/ImgSimiSearch/dataset/_DSC5876.JPG",
  "291": "/media/debadri/sda5/ImgSimiSearch/dataset/_DSC5877.JPG",
  "292": "/media/debadri/sda5/ImgSimiSearch/dataset/_DSC5878.JPG",
  "293": "/media/debadri/sda5/ImgSimiSearch/dataset/_DSC5879.JPG",
  "294": "/media/debadri/sda5/ImgSimiSearch/dataset/DSC_0103.JPG",
  "295": "/media/debadri/sda5/ImgSimiSearch/dataset/DSC_0104.JPG",
  "296": "/media/debadri/sda5/ImgSimiSearch/dataset/DSC_0105.JPG",
  "297": "/media/debadri/sda5/ImgSimiSearch/dataset/DSC_0106.JPG",
  "298": "/media/debadri/sda5/ImgSimiSearch/dataset/DSC_0107.JPG",
  "299": "/media/debadri/sda5/ImgSimiSearch/dataset/DSC_0108.JPG",
  "300": "/media/debadri/sda5/ImgSimiSearch/dataset/DSC_0109.JPG",
  "301": "/media/debadri/sda5/ImgSimiSearch/dataset/DSC_0110.JPG",
  "302": "/media/debadri/sda5/ImgSimiSearch/dataset/DSC_0111.JPG",
  "303": "/media/debadri/sda5/ImgSimiSearch/dataset/DSC_0112.JPG",
  "304": "/media/debadri/sda5/ImgSimiSearch/dataset/DSC_0113.JPG",
  "305": "/media/debadri/sda5/ImgSimiSearch/dataset/DSC_0114.JPG",
  "306": "/media/debadri/sda5/ImgSimiSearch/dataset/DSC_0115.JPG",
  "307": "/media/debadri/sda5/ImgSimiSearch/dataset/DSC_0116.JPG",
  "308": "/media/debadri/sda5/ImgSimiSearch/dataset/DSC_0117.JPG",
  "309": "/media/debadri/sda5/ImgSimiSearch/dataset/DSC_0119.JPG",
  "310": "/media/debadri/sda5/ImgSimiSearch/dataset/DSC_0120.JPG",
  "311": "/media/debadri/sda5/ImgSimiSearch/dataset/DSC_0121.JPG",
  "312": "/media/debadri/sda5/ImgSimiSearch/dataset/DSC_0122.JPG",
  "313": "/media/debadri/sda5/ImgSimiSearch/dataset/DSC_0123.JPG",
  "314": "/media/debadri/sda5/ImgSimiSearch/dataset/DSC_0124.JPG",
  "315": "/media/debadri/sda5/ImgSimiSearch/dataset/DSC_0125.JPG",
  "316": "/media/debadri/sda5/ImgSimiSearch/dataset/DSC_0126.JPG",
  "317": "/media/debadri/sda5/ImgSimiSearch/dataset/DSC_0127.JPG",
  "318": "/media/debadri/sda5/ImgSimiSearch/dataset/DSC_0128.JPG",
  "319": "/media/debadri/sda5/ImgSimiSearch/dataset/DSC_0129.JPG",
  "320": "/media/debadri/sda5/ImgSimiSearch/dataset/DSC_0130.JPG",
  "321": "/media/debadri/sda5/ImgSimiSearch/dataset/DSC_0131.JPG",
  "322": "/media/debadri/sda5/ImgSimiSearch/dataset/DSC_0132.JPG",
  "323": "/media/debadri/sda5/ImgSimiSearch/dataset/DSC_0133.JPG",
  "324": "/media/debadri/sda5/ImgSimiSearch/dataset/DSC_0134.JPG",
  "325": "/media/debadri/sda5/ImgSimiSearch/dataset/DSC_0135.JPG",
  "326": "/media/debadri/sda5/ImgSimiSearch/dataset/DSC_0136.JPG",
  "327": "/media/debadri/sda5/ImgSimiSearch/dataset/DSC_0137.JPG",
  "328": "/media/debadri/sda5/ImgSimiSearch/dataset/DSC_0138.JPG",
  "329": "/media/debadri/sda5/ImgSimiSearch/dataset/DSC_0139.JPG",
  "330": "/media/debadri/sda5/ImgSimiSearch/dataset/DSC_0140.JPG",
  "331": "/media/debadri/sda5/ImgSimiSearch/dataset/DSC_0141.JPG",
  "332": "/media/debadri/sda5/ImgSimiSearch/dataset/DSC_0142.JPG",
  "333": "/media/debadri/sda5/ImgSimiSearch/dataset/DSC_0143.JPG",
  "334": "/media/debadri/sda5/ImgSimiSearch/dataset/DSC_0144.JPG",
  "335": "/media/debadri/sda5/ImgSimiSearch/dataset/DSC_0145.JPG",
  "336": "/media/debadri/sda5/ImgSimiSearch/dataset/DSC_0146.JPG",
  "337": "/media/debadri/sda5/ImgSimiSearch/dataset/DSC_0147.JPG",
  "338": "/media/debadri/sda5/ImgSimiSearch/dataset/DSC_0148.JPG",
  "339": "/media/debadri/sda5/ImgSimiSearch/dataset/DSC_0149.JPG",
  "340": "/media/debadri/sda5/ImgSimiSearch/dataset/DSC_0150.JPG",
  "341": "/media/debadri/sda5/ImgSimiSearch/dataset/DSC_0151.JPG",
  "342": "/media/debadri/sda5/ImgSimiSearch/dataset/DSC_0152.JPG",
  "343": "/media/debadri/sda5/ImgSimiSearch/dataset/DSC_0153.JPG",
  "344": "/media/debadri/sda5/ImgSimiSearch/dataset/DSC_0154.JPG",
  "345": "/media/debadri/sda5/ImgSimiSearch/dataset/DSC_0155.JPG",
  "346": "/media/debadri/sda5/ImgSimiSearch/dataset/DSC_0156.JPG",
  "347": "/media/debadri/sda5/ImgSimiSearch/dataset/DSC_0157.JPG",
  "348": "/media/debadri/sda5/ImgSimiSearch/dataset/DSC_0158.JPG",
  "349": "/media/debadri/sda5/ImgSimiSearch/dataset/DSC_0159.JPG",
  "350": "/media/debadri/sda5/ImgSimiSearch/dataset/DSC_0160.JPG",
  "351": "/media/debadri/sda5/ImgSimiSearch/dataset/DSC_0161.JPG",
  "352": "/media/debadri/sda5/ImgSimiSearch/dataset/DSC_0162.JPG",
  "353": "/media/debadri/sda5/ImgSimiSearch/dataset/DSC_0163.JPG",
  "354": "/media/debadri/sda5/ImgSimiSearch/dataset/DSC_0164.JPG",
  "355": "/media/debadri/sda5/ImgSimiSearch/dataset/DSC_0165.JPG",
  "356": "/media/debadri/sda5/ImgSimiSearch/dataset/DSC_0166.JPG",
  "357": "/media/debadri/sda5/ImgSimiSearch/dataset/DSC_0167.JPG",
  "358": "/media/debadri/sda5/ImgSimiSearch/dataset/DSC_0168.JPG",
  "359": "/media/debadri/sda5/ImgSimiSearch/dataset/DSC_0169.JPG",
  "360": "/media/debadri/sda5/ImgSimiSearch/dataset/DSC_0170.JPG",
  "361": "/media/debadri/sda5/ImgSimiSearch/dataset/DSC_0171.JPG",
  "362": "/media/debadri/sda5/ImgSimiSearch/dataset/DSC_0172.JPG",
  "363": "/media/debadri/sda5/ImgSimiSearch/dataset/DSC_0173.JPG",
  "364": "/media/debadri/sda5/ImgSimiSearch/dataset/DSC_0174.JPG",
  "365": "/media/debadri/sda5/ImgSimiSearch/dataset/DSC_0175.JPG",
  "366": "/media/debadri/sda5/ImgSimiSearch/dataset/DSC_0176.JPG",
  "367": "/media/debadri/sda5/ImgSimiSearch/dataset/DSC_0177.JPG",
  "368": "/media/debadri/sda5/ImgSimiSearch/dataset/DSC_0178.JPG",
  "369": "/media/debadri/sda5/ImgSimiSearch/dataset/DSC_0179.JPG",
  "370": "/media/debadri/sda5/ImgSimiSearch/dataset/DSC_0180.JPG",
  "371": "/media/debadri/sda5/ImgSimiSearch/dataset/DSC_0181.JPG",
  "372": "/media/debadri/sda5/ImgSimiSearch/dataset/DSC_0182.JPG",
  "373": "/media/debadri/sda5/ImgSimiSearch/dataset/DSC_0183.JPG",
  "374": "/media/debadri/sda5/ImgSimiSearch/dataset/DSC_0184.JPG",
  "375": "/media/debadri/sda5/ImgSimiSearch/dataset/DSC_0185.JPG",
  "376": "/media/debadri/sda5/ImgSimiSearch/dataset/DSC_0186.JPG",
  "377": "/media/debadri/sda5/ImgSimiSearch/dataset/DSC_0187.JPG",
  "378": "/media/debadri/sda5/ImgSimiSearch/dataset/DSC_0188.JPG",
  "379": "/media/debadri/sda5/ImgSimiSearch/dataset/DSC_0189.JPG",
  "380": "/media/debadri/sda5/ImgSimiSearch/dataset/DSC_0190.JPG",
  "381": "/media/debadri/sda5/ImgSimiSearch/dataset/DSC_0191.JPG",
  "382": "/media/debadri/sda5/ImgSimiSearch/dataset/DSC_0192.JPG",
  "383": "/media/debadri/sda5/ImgSimiSearch/dataset/DSC_0193.JPG",
  "384": "/media/debadri/sda5/ImgSimiSearch/dataset/DSC_0194.JPG",
  "385": "/media/debadri/sda5/ImgSimiSearch/dataset/DSC_0195.JPG",
  "386": "/media/debadri/sda5/ImgSimiSearch/dataset/DSC_0196.JPG",
  "387": "/media/debadri/sda5/ImgSimiSearch/dataset/DSC_0197.JPG",
  "388": "/media/debadri/sda5/ImgSimiSearch/dataset/DSC_0198.JPG",
  "389": "/media/debadri/sda5/ImgSimiSearch/dataset/DSC_0199.JPG",
  "390": "/media/debadri/sda5/ImgSimiSearch/dataset/DSC_0200.JPG",
  "391": "/media/debadri/sda5/ImgSimiSearch/dataset/DSC_0201.JPG",
  "392": "/media/debadri/sda5/ImgSimiSearch/dataset/DSC_0202.JPG",
  "393": "/media/debadri/sda5/ImgSimiSearch/dataset/DSC_0203.JPG",
  "394": "/media/debadri/sda5/ImgSimiSearch/dataset/DSC_0204.JPG",
  "395": "/media/debadri/sda5/ImgSimiSearch/dataset/DSC_0205.JPG",
  "396": "/media/debadri/sda5/ImgSimiSearch/dataset/DSC_0206.JPG",
  "397": "/media/debadri/sda5/ImgSimiSearch/dataset/DSC_0207.JPG",
  "398": "/media/debadri/sda5/ImgSimiSearch/dataset/DSC_0208.JPG",
  "399": "/media/debadri/sda5/ImgSimiSearch/dataset/DSC_0209.JPG",
  "400": "/media/debadri/sda5/ImgSimiSearch/dataset/DSC_0210.JPG",
  "401": "/media/debadri/sda5/ImgSimiSearch/dataset/DSC_0211.JPG",
  "402": "/media/debadri/sda5/ImgSimiSearch/dataset/DSC_0212.JPG",
  "403": "/media/debadri/sda5/ImgSimiSearch/dataset/DSC_0213.JPG",
  "404": "/media/debadri/sda5/ImgSimiSearch/dataset/DSC_0214.JPG",
  "405": "/media/debadri/sda5/ImgSimiSearch/dataset/DSC_0215.JPG",
  "406": "/media/debadri/sda5/ImgSimiSearch/dataset/DSC_0216.JPG",
  "407": "/media/debadri/sda5/ImgSimiSearch/dataset/DSC_0217.JPG",
  "408": "/media/debadri/sda5/ImgSimiSearch/dataset/DSC_0218.JPG",
  "409": "/media/debadri/sda5/ImgSimiSearch/dataset/DSC_0219.JPG",
  "410": "/media/debadri/sda5/ImgSimiSearch/dataset/DSC_0220.JPG",
  "411": "/media/debadri/sda5/ImgSimiSearch/dataset/DSC_0221.JPG",
  "412": "/media/debadri/sda5/ImgSimiSearch/dataset/DSC_0222.JPG",
  "413": "/media/debadri/sda5/ImgSimiSearch/dataset/DSC_0223.JPG",
  "414": "/media/debadri/sda5/ImgSimiSearch/dataset/DSC_0224.JPG",
  "415": "/media/debadri/sda5/ImgSimiSearch/dataset/DSC_0225.JPG",
  "416": "/media/debadri/sda5/ImgSimiSearch/dataset/DSC_0226.JPG",
  "417": "/media/debadri/sda5/ImgSimiSearch/dataset/DSC_0227.JPG",
  "418": "/media/debadri/sda5/ImgSimiSearch/dataset/DSC_0228.JPG",
  "419": "/media/debadri/sda5/ImgSimiSearch/dataset/DSC_0229.JPG",
  "420": "/media/debadri/sda5/ImgSimiSearch/dataset/DSC_0230.JPG",
  "421": "/media/debadri/sda5/ImgSimiSearch/dataset/DSC_0231.JPG",
  "422": "/media/debadri/sda5/ImgSimiSearch/dataset/DSC_0232.JPG",
  "423": "/media/debadri/sda5/ImgSimiSearch/dataset/DSC_0233.JPG",
  "424": "/media/debadri/sda5/ImgSimiSearch/dataset/DSC_0234.JPG",
  "425": "/media/debadri/sda5/ImgSimiSearch/dataset/DSC_0235.JPG",
  "426": "/media/debadri/sda5/ImgSimiSearch/dataset/DSC_0236.JPG",
  "427": "/media/debadri/sda5/ImgSimiSearch/dataset/DSC_0237.JPG",
  "428": "/media/debadri/sda5/ImgSimiSearch/dataset/DSC_0238.JPG",
  "429": "/media/debadri/sda5/ImgSimiSearch/dataset/DSC_0239.JPG",
  "430": "/media/debadri/sda5/ImgSimiSearch/dataset/DSC_0240.JPG",
  "431": "/media/debadri/sda5/ImgSimiSearch/dataset/DSC_0241.JPG",
  "432": "/media/debadri/sda5/ImgSimiSearch/dataset/DSC_0242.JPG",
  "433": "/media/debadri/sda5/ImgSimiSearch/dataset/DSC_0243.JPG",
  "434": "/media/debadri/sda5/ImgSimiSearch/dataset/DSC_0244.JPG",
  "435": "/media/debadri/sda5/ImgSimiSearch/dataset/DSC_0245.JPG",
  "436": "/media/debadri/sda5/ImgSimiSearch/dataset/DSC_0246.JPG",
  "437": "/media/debadri/sda5/ImgSimiSearch/dataset/DSC_0247.JPG",
  "438": "/media/debadri/sda5/ImgSimiSearch/dataset/DSC_0248.JPG",
  "439": "/media/debadri/sda5/ImgSimiSearch/dataset/DSC_0249.JPG",
  "440": "/media/debadri/sda5/ImgSimiSearch/dataset/DSC_0250.JPG",
  "441": "/media/debadri/sda5/ImgSimiSearch/dataset/DSC_0251.JPG",
  "442": "/media/debadri/sda5/ImgSimiSearch/dataset/DSC_0252.JPG",
  "443": "/media/debadri/sda5/ImgSimiSearch/dataset/DSC_0253.JPG",
  "444": "/media/debadri/sda5/ImgSimiSearch/dataset/DSC_0254.JPG",
  "445": "/media/debadri/sda5/ImgSimiSearch/dataset/DSC_0255.JPG",
  "446": "/media/debadri/sda5/ImgSimiSearch/dataset/DSC_0256.JPG",
  "447": "/media/debadri/sda5/ImgSimiSearch/dataset/DSC_0257.JPG",
  "448": "/media/debadri/sda5/ImgSimiSearch/dataset/DSC_0258.JPG",
  "449": "/media/debadri/sda5/ImgSimiSearch/dataset/DSC_0259.JPG",
  "450": "/media/debadri/sda5/ImgSimiSearch/dataset/DSC_0260.JPG",
  "451": "/media/debadri/sda5/ImgSimiSearch/dataset/DSC_0261.JPG",
  "452": "/media/debadri/sda5/ImgSimiSearch/dataset/DSC_0262.JPG",
  "453": "/media/debadri/sda5/ImgSimiSearch/dataset/DSC_0263.JPG",
  "454": "/media/debadri/sda5/ImgSimiSearch/dataset/DSC_0264.JPG",
  "455": "/media/debadri/sda5/ImgSimiSearch/dataset/DSC_0265.JPG",
  "456": "/media/debadri/sda5/ImgSimiSearch/dataset/DSC_0266.JPG",
  "457": "/media/debadri/sda5/ImgSimiSearch/dataset/DSC_0267.JPG",
  "458": "/media/debadri/sda5/ImgSimiSearch/dataset/DSC_0268.JPG",
  "459": "/media/debadri/sda5/ImgSimiSearch/dataset/DSC_0269.JPG",
  "460": "/media/debadri/sda5/ImgSimiSearch/dataset/DSC_0270.JPG",
  "461": "/media/debadri/sda5/ImgSimiSearch/dataset/DSC_0271.JPG",
  "462": "/media/debadri/sda5/ImgSimiSearch/dataset/DSC_0272.JPG",
  "463": "/media/debadri/sda5/ImgSimiSearch/dataset/DSC_0273.JPG",
  "464": "/media/debadri/sda5/ImgSimiSearch/dataset/DSC_0274.JPG",
  "465": "/media/debadri/sda5/ImgSimiSearch/dataset/DSC_0275.JPG",
  "466": "/media/debadri/sda5/ImgSimiSearch/dataset/DSC_0276.JPG",
  "467": "/media/debadri/sda5/ImgSimiSearch/dataset/DSC_0277.JPG",
  "468": "/media/debadri/sda5/ImgSimiSearch/dataset/DSC_0278.JPG",
  "469": "/media/debadri/sda5/ImgSimiSearch/dataset/DSC_0279.JPG",
  "470": "/media/debadri/sda5/ImgSimiSearch/dataset/DSC_0280.JPG",
  "471": "/media/debadri/sda5/ImgSimiSearch/dataset/DSC_0281.JPG",
  "472": "/media/debadri/sda5/ImgSimiSearch/dataset/DSC_0282.JPG",
  "473": "/media/debadri/sda5/ImgSimiSearch/dataset/DSC_0283.JPG",
  "474": "/media/debadri/sda5/ImgSimiSearch/dataset/DSC_0284.JPG",
  "475": "/media/debadri/sda5/ImgSimiSearch/dataset/DSC_0285.JPG",
  "476": "/media/debadri/sda5/ImgSimiSearch/dataset/DSC_0286.JPG",
  "477": "/media/debadri/sda5/ImgSimiSearch/dataset/DSC_0287.JPG",
  "478": "/media/debadri/sda5/ImgSimiSearch/dataset/DSC_0288.JPG",
  "479": "/media/debadri/sda5/ImgSimiSearch/dataset/DSC_0289.JPG",
  "480": "/media/debadri/sda5/ImgSimiSearch/dataset/DSC_0290.JPG",
  "481": "/media/debadri/sda5/ImgSimiSearch/dataset/DSC_0291.JPG",
  "482": "/media/debadri/sda5/ImgSimiSearch/dataset/DSC_0292.JPG",
  "483": "/media/debadri/sda5/ImgSimiSearch/dataset/DSC_0293.JPG",
  "484": "/media/debadri/sda5/ImgSimiSearch/dataset/DSC_0294.JPG",
  "485": "/media/debadri/sda5/ImgSimiSearch/dataset/DSC_0295.JPG",
  "486": "/media/debadri/sda5/ImgSimiSearch/dataset/DSC_0296.JPG",
  "487": "/media/debadri/sda5/ImgSimiSearch/dataset/DSC_0297.JPG",
  "488": "/media/debadri/sda5/ImgSimiSearch/dataset/DSC_0298.JPG",
  "489": "/media/debadri/sda5/ImgSimiSearch/dataset/DSC_0299.JPG",
  "490": "/media/debadri/sda5/ImgSimiSearch/dataset/DSC_0300.JPG",
  "491": "/media/debadri/sda5/ImgSimiSearch/dataset/DSC_0301.JPG",
  "492": "/media/debadri/sda5/ImgSimiSearch/dataset/DSC_0302.JPG",
  "493": "/media/debadri/sda5/ImgSimiSearch/dataset/DSC_0303.JPG",
  "494": "/media/debadri/sda5/ImgSimiSearch/dataset/DSC_0304.JPG",
  "495": "/media/debadri/sda5/ImgSimiSearch/dataset/DSC_0305.JPG",
  "496": "/media/debadri/sda5/ImgSimiSearch/dataset/DSC_0306.JPG",
  "497": "/media/debadri/sda5/ImgSimiSearch/dataset/DSC_0307.JPG",
  "498": "/media/debadri/sda5/ImgSimiSearch/dataset/DSC_0308.JPG",
  "499": "/media/debadri/sda5/ImgSimiSearch/dataset/DSC_0309.JPG",
  "500": "/media/debadri/sda5/ImgSimiSearch/dataset/DSC_0310.JPG",
  "501": "/media/debadri/sda5/ImgSimiSearch/dataset/DSC_0311.JPG",
  "502": "/media/debadri/sda5/ImgSimiSearch/dataset/DSC_0312.JPG",
  "503": "/media/debadri/sda5/ImgSimiSearch/dataset/DSC_0313.JPG",
  "504": "/media/debadri/sda5/ImgSimiSearch/dataset/DSC_0314.JPG",
  "505": "/media/debadri/sda5/ImgSimiSearch/dataset/DSC_0315.JPG",
  "506": "/media/debadri/sda5/ImgSimiSearch/dataset/DSC_0316.JPG",
  "507": "/media/debadri/sda5/ImgSimiSearch/dataset/DSC_0317.JPG",
  "508": "/media/debadri/sda5/ImgSimiSearch/dataset/DSC_0318.JPG",
  "509": "/media/debadri/sda5/ImgSimiSearch/dataset/DSC_0319.JPG",
  "510": "/media/debadri/sda5/ImgSimiSearch/dataset/DSC_0320.JPG",
  "511": "/media/debadri/sda5/ImgSimiSearch/dataset/DSC_0321.JPG",
  "512": "/media/debadri/sda5/ImgSimiSearch/dataset/DSC_0322.JPG",
  "513": "/media/debadri/sda5/ImgSimiSearch/dataset/DSC_0323.JPG",
  "514": "/media/debadri/sda5/ImgSimiSearch/dataset/DSC_0324.JPG",
  "515": "/media/debadri/sda5/ImgSimiSearch/dataset/DSC_0325.JPG",
  "516": "/media/debadri/sda5/ImgSimiSearch/dataset/DSC_0326.JPG",
  "517": "/media/debadri/sda5/ImgSimiSearch/dataset/DSC_0327.JPG",
  "518": "/media/debadri/sda5/ImgSimiSearch/dataset/DSC_0328.JPG",
  "519": "/media/debadri/sda5/ImgSimiSearch/dataset/DSC_0329.JPG",
  "520": "/media/debadri/sda5/ImgSimiSearch/dataset/DSC_0330.JPG",
  "521": "/media/debadri/sda5/ImgSimiSearch/dataset/DSC_0331.JPG",
  "522": "/media/debadri/sda5/ImgSimiSearch/dataset/DSC_0332.JPG",
  "523": "/media/debadri/sda5/ImgSimiSearch/dataset/DSC_0333.JPG",
  "524": "/media/debadri/sda5/ImgSimiSearch/dataset/DSC_0334.JPG",
  "525": "/media/debadri/sda5/ImgSimiSearch/dataset/DSC_0335.JPG",
  "526": "/media/debadri/sda5/ImgSimiSearch/dataset/DSC_0336.JPG",
  "527": "/media/debadri/sda5/ImgSimiSearch/dataset/DSC_0337.JPG",
  "528": "/media/debadri/sda5/ImgSimiSearch/dataset/DSC_0338.JPG",
  "529": "/media/debadri/sda5/ImgSimiSearch/dataset/DSC_0339.JPG",
  "530": "/media/debadri/sda5/ImgSimiSearch/dataset/DSC_0340.JPG",
  "531": "/media/debadri/sda5/ImgSimiSearch/dataset/DSC_0341.JPG",
  "532": "/media/debadri/sda5/ImgSimiSearch/dataset/DSC_0342.JPG",
  "533": "/media/debadri/sda5/ImgSimiSearch/dataset/DSC_0343.JPG",
  "534": "/media/debadri/sda5/ImgSimiSearch/dataset/DSC_0344.JPG",
  "535": "/media/debadri/sda5/ImgSimiSearch/dataset/DSC_0345.JPG",
  "536": "/media/debadri/sda5/ImgSimiSearch/dataset/DSC_0346.JPG",
  "537": "/media/debadri/sda5/ImgSimiSearch/dataset/DSC_0347.JPG",
  "538": "/media/debadri/sda5/ImgSimiSearch/dataset/DSC_0348.JPG",
  "539": "/media/debadri/sda5/ImgSimiSearch/dataset/DSC_0349.JPG",
  "540": "/media/debadri/sda5/ImgSimiSearch/dataset/DSC_0350.JPG",
  "541": "/media/debadri/sda5/ImgSimiSearch/dataset/DSC_0351.JPG",
  "542": "/media/debadri/sda5/ImgSimiSearch/dataset/DSC_0352.JPG",
  "543": "/media/debadri/sda5/ImgSimiSearch/dataset/DSC_0353.JPG",
  "544": "/media/debadri/sda5/ImgSimiSearch/dataset/DSC_0354.JPG",
  "545": "/media/debadri/sda5/ImgSimiSearch/dataset/DSC_0355.JPG",
  "546": "/media/debadri/sda5/ImgSimiSearch/dataset/DSC_0356.JPG",
  "547": "/media/debadri/sda5/ImgSimiSearch/dataset/DSC_0360.JPG",
  "548": "/media/debadri/sda5/ImgSimiSearch/dataset/DSC_0362.JPG",
  "549": "/media/debadri/sda5/ImgSimiSearch/dataset/DSC_0363.JPG",
  "550": "/media/debadri/sda5/ImgSimiSearch/dataset/DSC_0364.JPG",
  "551": "/media/debadri/sda5/ImgSimiSearch/dataset/DSC_0365.JPG",
  "552": "/media/debadri/sda5/ImgSimiSearch/dataset/DSC_0366.JPG",
  "553": "/media/debadri/sda5/ImgSimiSearch/dataset/DSC_0368.JPG",
  "554": "/media/debadri/sda5/ImgSimiSearch/dataset/DSC_0369.JPG",
  "555": "/media/debadri/sda5/ImgSimiSearch/dataset/DSC_0370.JPG",
  "556": "/media/debadri/sda5/ImgSimiSearch/dataset/DSC_0372.JPG",
  "557": "/media/debadri/sda5/ImgSimiSearch/dataset/DSC_0373.JPG",
  "558": "/media/debadri/sda5/ImgSimiSearch/dataset/DSC_0374.JPG",
  "559": "/media/debadri/sda5/ImgSimiSearch/dataset/DSC_0375.JPG",
  "560": "/media/debadri/sda5/ImgSimiSearch/dataset/DSC_0376.JPG",
  "561": "/media/debadri/sda5/ImgSimiSearch/dataset/DSC_0377.JPG",
  "562": "/media/debadri/sda5/ImgSimiSearch/dataset/DSC_0378.JPG",
  "563": "/media/debadri/sda5/ImgSimiSearch/dataset/DSC_0379.JPG",
  "564": "/media/debadri/sda5/ImgSimiSearch/dataset/DSC_0380.JPG",
  "565": "/media/debadri/sda5/ImgSimiSearch/dataset/DSC_0381.JPG",
  "566": "/media/debadri/sda5/ImgSimiSearch/dataset/DSC_0382.JPG",
  "567": "/media/debadri/sda5/ImgSimiSearch/dataset/DSC_0383.JPG",
  "568": "/media/debadri/sda5/ImgSimiSearch/dataset/DSC_0384.JPG",
  "569": "/media/debadri/sda5/ImgSimiSearch/dataset/DSC_0385.JPG",
  "570": "/media/debadri/sda5/ImgSimiSearch/dataset/DSC_0386.JPG",
  "571": "/media/debadri/sda5/ImgSimiSearch/dataset/DSC_0387.JPG",
  "572": "/media/debadri/sda5/ImgSimiSearch/dataset/DSC_0388.JPG",
  "573": "/media/debadri/sda5/ImgSimiSearch/dataset/DSC_5880.JPG",
  "574": "/media/debadri/sda5/ImgSimiSearch/dataset/DSC_5881.JPG",
  "575": "/media/debadri/sda5/ImgSimiSearch/dataset/DSC_5882.JPG",
  "576": "/media/debadri/sda5/ImgSimiSearch/dataset/DSC_5883.JPG",
  "577": "/media/debadri/sda5/ImgSimiSearch/dataset/DSC_5884.JPG",
  "578": "/media/debadri/sda5/ImgSimiSearch/dataset/DSC_5885.JPG",
  "579": "/media/debadri/sda5/ImgSimiSearch/dataset/DSC_5886.JPG",
  "580": "/media/debadri/sda5/ImgSimiSearch/dataset/_DSC5872.JPG",
  "581": "/media/debadri/sda5/ImgSimiSearch/dataset/_DSC5873.JPG",
  "582": "/media/debadri/sda5/ImgSimiSearch/dataset/_DSC5874.JPG",
  "583": "/media/debadri/sda5/ImgSimiSearch/dataset/_DSC5875.JPG",
  "584": "/media/debadri/sda5/ImgSimiSearch/dataset/_DSC5876.JPG",
  "585": "/media/debadri/sda5/ImgSimiSearch/dataset/_DSC5877.JPG",
  "586": "/media/debadri/sda5/ImgSimiSearch/dataset/_DSC5878.JPG",
  "587": "/media/debadri/sda5/ImgSimiSearch/dataset/_DSC5879.JPG",
  "588": "/media/debadri/sda4/debadri/Pictures/test_img/_RSB8585.JPG",
  "589": "/media/debadri/sda4/debadri/Pictures/test_img/_RSB8594.JPG",
  "590": "/media/debadri/sda4/debadri/Pictures/test_img/_RSB8595.JPG",
  "591": "/media/debadri/sda4/debadri/Pictures/test_img/_RSB8596.JPG",
  "592": "/media/debadri/sda4/debadri/Pictures/test_img/_RSB8597.JPG",
  "593": "/media/debadri/sda4/debadri/Pictures/test_img/_RSB8598.JPG",
  "594": "/media/debadri/sda4/debadri/Pictures/test_img/_RSB8599.JPG",
  "595": "/media/debadri/sda4/debadri/Pictures/test_img/_RSB8600.JPG",
  "596": "/media/debadri/sda4/debadri/Pictures/test_img/_RSB8601.JPG",
  "597": "/media/debadri/sda4/debadri/Pictures/test_img/_RSB8602.JPG",
  "598": "/media/debadri/sda4/debadri/Pictures/test_img/_RSB8603.JPG",
  "599": "/media/debadri/sda4/debadri/Pictures/test_img/_RSB8606.JPG",
  "600": "/media/debadri/sda4/debadri/Pictures/test_img/_RSB8607.JPG",
  "601": "/media/debadri/sda4/debadri/Pictures/test_img/_RSB8608.JPG",
  "602": "/media/debadri/sda4/debadri/Pictures/test_img/_RSB8609.JPG",
  "603": "/media/debadri/sda4/debadri/Pictures/test_img/_RSB8610.JPG",
  "604": "/media/debadri/sda4/debadri/Pictures/test_img/_RSB8611.JPG",
  "605": "/media/debadri/sda4/debadri/Pictures/test_img/_RSB8612.JPG",
  "606": "/media/debadri/sda4/debadri/Pictures/test_img/_RSB8613.JPG",
  "607": "/media/debadri/sda4/debadri/Pictures/test_img/_RSB8614.JPG",
  "608": "/media/debadri/sda4/debadri/Pictures/test_img/_RSB8615.JPG",
  "609": "/media/debadri/sda4/debadri/Pictures/test_img/_RSB8616.JPG",
  "610": "/media/debadri/sda4/debadri/Pictures/test_img/_RSB8619.JPG",
  "611": "/media/debadri/sda4/debadri/Pictures/test_img/_RSB8620.JPG",
  "612": "/media/debadri/sda4/debadri/Pictures/test_img/_RSB8621.JPG",
  "613": "/media/debadri/sda4/debadri/Pictures/test_img/_RSB8622.JPG",
  "614": "/media/debadri/sda4/debadri/Pictures/test_img/_RSB8623.JPG",
  "615": "/media/debadri/sda4/debadri/Pictures/test_img/_RSB8624.JPG",
  "616": "/media/debadri/sda4/debadri/Pictures/test_img/_RSB8625.JPG",
  "617": "/media/debadri/sda4/debadri/Pictures/test_img/_RSB8626.JPG",
  "618": "/media/debadri/sda4/debadri/Pictures/test_img/_RSB8627.JPG",
  "619": "/media/debadri/sda4/debadri/Pictures/test_img/_RSB8628.JPG",
  "620": "/media/debadri/sda4/debadri/Pictures/test_img/_RSB8629.JPG",
  "621": "/media/debadri/sda4/debadri/Pictures/test_img/_RSB8632.JPG",
  "622": "/media/debadri/sda4/debadri/Pictures/test_img/_RSB8633.JPG",
  "623": "/media/debadri/sda4/debadri/Pictures/test_img/_RSB8634.JPG",
  "624": "/media/debadri/sda4/debadri/Pictures/test_img/_RSB8635.JPG",
  "625": "/media/debadri/sda4/debadri/Pictures/test_img/_RSB8636.JPG",
  "626": "/media/debadri/sda4/debadri/Pictures/test_img/_RSB8637.JPG",
  "627": "/media/debadri/sda4/debadri/Pictures/test_img/_RSB8638.JPG",
  "628": "/media/debadri/sda4/debadri/Pictures/test_img/_RSB8639.JPG",
  "629": "/media/debadri/sda4/debadri/Pictures/test_img/_RSB8640.JPG",
  "630": "/media/debadri/sda4/debadri/Pictures/test_img/_RSB8641.JPG",
  "631": "/media/debadri/sda4/debadri/Pictures/test_img/_RSB8642.JPG",
  "632": "/media/debadri/sda4/debadri/Pictures/test_img/_RSB8645.JPG",
  "633": "/media/debadri/sda4/debadri/Pictures/test_img/_RSB8646.JPG",
  "634": "/media/debadri/sda4/debadri/Pictures/test_img/_RSB8647.JPG",
  "635": "/media/debadri/sda4/debadri/Pictures/test_img/_RSB8648.JPG",
  "636": "/media/debadri/sda4/debadri/Pictures/test_img/_RSB8649.JPG",
  "637": "/media/debadri/sda4/debadri/Pictures/test_img/_RSB8650.JPG",
  "638": "/media/debadri/sda4/debadri/Pictures/test_img/_RSB8651.JPG",
  "639": "/media/debadri/sda4/debadri/Pictures/test_img/_RSB8652.JPG",
  "640": "/media/debadri/sda4/debadri/Pictures/test_img/_RSB8653.JPG",
  "641": "/media/debadri/sda4/debadri/Pictures/test_img/_RSB8654.JPG",
  "642": "/media/debadri/sda4/debadri/Pictures/test_img/_RSB8655.JPG",
  "643": "/media/debadri/sda4/debadri/Pictures/test_img/_RSB8716.JPG",
  "644": "/media/debadri/sda4/debadri/Pictures/test_img/_RSB8925.JPG",
  "645": "/media/debadri/sda4/debadri/Pictures/test_img/_RSB9053.JPG",
  "646": "/media/debadri/sda4/debadri/Pictures/test_img/_RSB9095.JPG",
  "647": "/media/debadri/sda4/debadri/Pictures/test_img/_RSB9109.JPG",
  "648": "/media/debadri/sda4/debadri/Pictures/test_img/_RSB9116.JPG",
  "649": "/media/debadri/sda4/debadri/Pictures/test_img/_RSB9123.JPG",
  "650": "/media/debadri/sda4/debadri/Pictures/test_img/_RSB9126.JPG",
  "651": "/media/debadri/sda4/debadri/Pictures/test_img/_RSB9128.JPG",
  "652": "/media/debadri/sda4/debadri/Pictures/test_img/_RSB9140.JPG",
  "653": "/media/debadri/sda4/debadri/Pictures/test_img/_RSB9144.JPG",
  "654": "/media/debadri/sda4/debadri/Pictures/test_img/_RSB9148.JPG",
  "655": "/media/debadri/sda4/debadri/Pictures/test_img/_RSB9154.JPG",
  "656": "/media/debadri/sda4/debadri/Pictures/test_img/_RSB9156.JPG",
  "657": "/media/debadri/sda4/debadri/Pictures/test_img/_RSB9159.JPG"
}